{
  "config": {
    "models": [
      "gino",
      "delta_gino",
      "fno_voxel",
      "prior_only"
    ],
    "epochs": 300,
    "batch_size": 1,
    "lr": 0.001,
    "seeds": [
      1337,
      1,
      2
    ],
    "device": "cuda",
    "train_root": "data/processed/block2_irreg_train",
    "val_root": "data/processed/block2_irreg_val",
    "corpus": "irreg",
    "num_workers": 0,
    "accel": true,
    "latent_grid": 16,
    "voxel_grid": 16,
    "u_face_band": 0.08,
    "gino_accel": true
  },
  "results": [
    {
      "model": "gino",
      "kind": "gino",
      "params": 2807892,
      "seeds": [
        1337,
        1,
        2
      ],
      "field_rel_l2_mean": 0.16683264957585683,
      "field_rel_l2_std": 0.004586283291230548,
      "u_mae_mean": 0.4797762793622393,
      "u_mae_std": 0.042884439536570895,
      "u_mape_mean": 82.09609538750499,
      "u_mape_std": 8.942390725027204,
      "u_mae_clear_baseline_mean": 0.32113029388710856,
      "u_mae_clear_baseline_std": 0.0,
      "u_improvement_x_mean": 0.6745855139763033,
      "u_improvement_x_std": 0.05885623306625321,
      "infer_ms_per_sample_mean": 10.667812971708676,
      "infer_ms_per_sample_std": 0.1908822927868805,
      "per_seed": [
        {
          "field_rel_l2": 0.1603812255198136,
          "u_mae": 0.4328067844279178,
          "u_mape": 72.67427661064649,
          "u_mae_clear_baseline": 0.32113029388710856,
          "u_improvement_x": 0.7419714880661523,
          "infer_ms_per_sample": 10.930454605841078,
          "seed": 1337,
          "train_time_s": 497.0
        },
        {
          "field_rel_l2": 0.17063744482584298,
          "u_mae": 0.5364877125016089,
          "u_mape": 94.11258661591155,
          "u_mae_clear_baseline": 0.32113029388710856,
          "u_improvement_x": 0.5985790287529568,
          "infer_ms_per_sample": 10.590516256343108,
          "seed": 1,
          "train_time_s": 481.5
        },
        {
          "field_rel_l2": 0.1694792783819139,
          "u_mae": 0.4700343411571911,
          "u_mape": 79.50142293595694,
          "u_mae_clear_baseline": 0.32113029388710856,
          "u_improvement_x": 0.6832060251098008,
          "infer_ms_per_sample": 10.48246805294184,
          "seed": 2,
          "train_time_s": 482.1
        }
      ]
    },
    {
      "model": "delta_gino",
      "kind": "delta_gino",
      "params": 2808181,
      "seeds": [
        1337,
        1,
        2
      ],
      "field_rel_l2_mean": 0.06358608964364976,
      "field_rel_l2_std": 0.001533208768646608,
      "u_mae_mean": 0.2973845286449994,
      "u_mae_std": 0.004150763005511914,
      "u_mape_mean": 46.21437004328478,
      "u_mape_std": 0.859754186808886,
      "u_mae_clear_baseline_mean": 0.32113029388710856,
      "u_mae_clear_baseline_std": 0.0,
      "u_improvement_x_mean": 1.0800602300811168,
      "u_improvement_x_std": 0.015156421049282368,
      "infer_ms_per_sample_mean": 10.61313166671122,
      "infer_ms_per_sample_std": 0.05018619357310569,
      "per_seed": [
        {
          "field_rel_l2": 0.06573510880116373,
          "u_mae": 0.30183125884809775,
          "u_mape": 47.161471124315646,
          "u_mae_clear_baseline": 0.32113029388710856,
          "u_improvement_x": 1.063939815619705,
          "infer_ms_per_sample": 10.57598504849011,
          "seed": 1337,
          "train_time_s": 480.6
        },
        {
          "field_rel_l2": 0.06226181780220941,
          "u_mae": 0.2918425504042716,
          "u_mape": 45.08050476771057,
          "u_mae_clear_baseline": 0.32113029388710856,
          "u_improvement_x": 1.1003546036801914,
          "infer_ms_per_sample": 10.684079374186695,
          "seed": 1,
          "train_time_s": 482.8
        },
        {
          "field_rel_l2": 0.06276134232757613,
          "u_mae": 0.29847977668262893,
          "u_mape": 46.4011342378281,
          "u_mae_clear_baseline": 0.32113029388710856,
          "u_improvement_x": 1.075886270943454,
          "infer_ms_per_sample": 10.579330577456858,
          "seed": 2,
          "train_time_s": 481.4
        }
      ]
    },
    {
      "model": "fno_voxel",
      "kind": "fno_voxel",
      "params": 2410689,
      "seeds": [
        1337,
        1,
        2
      ],
      "field_rel_l2_mean": 0.060300645612490676,
      "field_rel_l2_std": 0.0013813059149305265,
      "u_mae_mean": 0.29181669025555834,
      "u_mae_std": 0.0026892864829313225,
      "u_mape_mean": 44.60744128830655,
      "u_mape_std": 0.4493073246930566,
      "u_mae_clear_baseline_mean": 0.32113029388710856,
      "u_mae_clear_baseline_std": 0.0,
      "u_improvement_x_mean": 1.100545100693257,
      "u_improvement_x_std": 0.01009006900770877,
      "infer_ms_per_sample_mean": 3.103217743046116,
      "infer_ms_per_sample_std": 0.12608989952608268,
      "per_seed": [
        {
          "field_rel_l2": 0.059705130639486015,
          "u_mae": 0.29066503278334976,
          "u_mape": 44.43204332247339,
          "u_mae_clear_baseline": 0.32113029388710856,
          "u_improvement_x": 1.1048122672755976,
          "infer_ms_per_sample": 3.280991761130281,
          "seed": 1337,
          "train_time_s": 246.5
        },
        {
          "field_rel_l2": 0.062209623283706605,
          "u_mae": 0.2955315724287588,
          "u_mape": 45.22404694845499,
          "u_mae_clear_baseline": 0.32113029388710856,
          "u_improvement_x": 1.0866192442586506,
          "infer_ms_per_sample": 3.00227697880473,
          "seed": 1,
          "train_time_s": 247.0
        },
        {
          "field_rel_l2": 0.0589871829142794,
          "u_mae": 0.2892534655545665,
          "u_mape": 44.16623359399129,
          "u_mae_clear_baseline": 0.32113029388710856,
          "u_improvement_x": 1.1102037905455229,
          "infer_ms_per_sample": 3.0263844892033376,
          "seed": 2,
          "train_time_s": 246.2
        }
      ]
    },
    {
      "model": "prior_only",
      "kind": "prior_only",
      "params": 0,
      "seeds": [
        1337,
        1,
        2
      ],
      "field_rel_l2_mean": 0.09581957687623799,
      "field_rel_l2_std": 0.0,
      "u_mae_mean": 0.3211303139419012,
      "u_mae_std": 0.0,
      "u_mape_mean": 50.23008986632572,
      "u_mape_std": 0.0,
      "u_mae_clear_baseline_mean": 0.32113029388710856,
      "u_mae_clear_baseline_std": 0.0,
      "u_improvement_x_mean": 0.999999937549363,
      "u_improvement_x_std": 0.0,
      "infer_ms_per_sample_mean": 0.0030082568021801612,
      "infer_ms_per_sample_std": 0.000454401899440505,
      "per_seed": [
        {
          "field_rel_l2": 0.09581957687623799,
          "u_mae": 0.3211303139419012,
          "u_mape": 50.23008986632572,
          "u_mae_clear_baseline": 0.32113029388710856,
          "u_improvement_x": 0.999999937549363,
          "infer_ms_per_sample": 0.003650588041637093,
          "seed": 1337,
          "train_time_s": 0.0
        },
        {
          "field_rel_l2": 0.09581957687623799,
          "u_mae": 0.3211303139419012,
          "u_mape": 50.23008986632572,
          "u_mae_clear_baseline": 0.32113029388710856,
          "u_improvement_x": 0.999999937549363,
          "infer_ms_per_sample": 0.0026703710318543017,
          "seed": 1,
          "train_time_s": 0.0
        },
        {
          "field_rel_l2": 0.09581957687623799,
          "u_mae": 0.3211303139419012,
          "u_mape": 50.23008986632572,
          "u_mae_clear_baseline": 0.32113029388710856,
          "u_improvement_x": 0.999999937549363,
          "infer_ms_per_sample": 0.0027038113330490887,
          "seed": 2,
          "train_time_s": 0.0
        }
      ]
    }
  ]
}