{
  "config": {
    "variants": [
      "fno",
      "fno_padded",
      "fno_enriched",
      "delta_fno",
      "ufno",
      "fno_uloss",
      "fno_physics",
      "delta_fno_uloss"
    ],
    "seeds": [
      1337,
      1,
      2
    ],
    "epochs": 300,
    "batch_size": 64,
    "lr": 0.001,
    "device": "cuda",
    "train_root": "data/processed/block1_train",
    "val_root": "data/processed/block1_val",
    "target_width": 48
  },
  "n_val": 64,
  "n_no_bridge": 15,
  "n_bridge": 49,
  "reference": "fno",
  "reference_u_mae": 0.024194494802576388,
  "results": [
    {
      "variant": "fno",
      "n_seeds": 3,
      "params": 308193,
      "train_time_s": {
        "mean": 85.93053466198035,
        "std": 0.3055056826301859,
        "values": [
          86.15745521103963,
          85.4986707419157,
          86.1354780329857
        ]
      },
      "field_rel_l2": {
        "mean": 0.014687756604568373,
        "std": 0.0003648913553992044,
        "values": [
          0.01424211700395972,
          0.015135904081034823,
          0.014685248728710576
        ]
      },
      "u_mae": {
        "mean": 0.024194494802576388,
        "std": 0.0033735865474958052,
        "values": [
          0.01973249496402075,
          0.024962775551707686,
          0.02788821389200072
        ]
      },
      "no_bridge": {
        "field_rel_l2": {
          "mean": 0.002349700106100904,
          "std": 0.0002564841284284926,
          "values": [
            0.0022260065578545134,
            0.0027068451900656024,
            0.002116248570382595
          ]
        },
        "u_mae": {
          "mean": 0.007553542515532593,
          "std": 0.0010517714139166386,
          "values": [
            0.0063276513623511275,
            0.007436948633895144,
            0.008896027550351508
          ]
        },
        "n": 15
      },
      "bridge": {
        "field_rel_l2": {
          "mean": 0.018464712675527805,
          "std": 0.0004192765700263722,
          "values": [
            0.017920518160930703,
            0.018940718027249892,
            0.018532901838402813
          ]
        },
        "u_mae": {
          "mean": 0.029288663870038773,
          "std": 0.004094306732533514,
          "values": [
            0.023836018515552265,
            0.03032782460818092,
            0.033702148486383136
          ]
        },
        "n": 49
      },
      "beats_reference": null,
      "robust_win": null,
      "verdict": "reference (U-MAE 0.0242)"
    },
    {
      "variant": "fno_padded",
      "n_seeds": 3,
      "params": 308193,
      "train_time_s": {
        "mean": 87.31770889965507,
        "std": 0.4117436522623602,
        "values": [
          87.85192235792056,
          87.25125420396216,
          86.84995013708249
        ]
      },
      "field_rel_l2": {
        "mean": 0.015610717790574805,
        "std": 0.0007753183379785935,
        "values": [
          0.015092691957761417,
          0.016706638536561513,
          0.015032822877401486
        ]
      },
      "u_mae": {
        "mean": 0.025604508296041707,
        "std": 0.0064028493937932805,
        "values": [
          0.019932268580863353,
          0.03455323749822044,
          0.02232801880904134
        ]
      },
      "no_bridge": {
        "field_rel_l2": {
          "mean": 0.0036495071835815907,
          "std": 0.0010177890054469721,
          "values": [
            0.0028823160488779345,
            0.005087808876608809,
            0.0029783966252580284
          ]
        },
        "u_mae": {
          "mean": 0.011464855846348836,
          "std": 0.006867339308076301,
          "values": [
            0.006478729647160985,
            0.02117556627057038,
            0.006740271621315142
          ]
        },
        "n": 15
      },
      "bridge": {
        "field_rel_l2": {
          "mean": 0.019272312874348236,
          "std": 0.0007021963451041758,
          "values": [
            0.01883056213395024,
            0.020263423126342953,
            0.018722953362751524
          ]
        },
        "u_mae": {
          "mean": 0.029932973331661977,
          "std": 0.00628722405434737,
          "values": [
            0.024050698866690614,
            0.03864844297607249,
            0.027099778152222823
          ]
        },
        "n": 49
      },
      "beats_reference": false,
      "robust_win": false,
      "pooled_std": 0.007237234731100246,
      "verdict": "no \u2014 does not beat fno (\u0394U-MAE -0.0014)"
    },
    {
      "variant": "fno_enriched",
      "n_seeds": 3,
      "params": 308385,
      "train_time_s": {
        "mean": 94.7624352836671,
        "std": 0.20537629543339772,
        "values": [
          94.4900764839258,
          94.81123821507208,
          94.98599115200341
        ]
      },
      "field_rel_l2": {
        "mean": 0.01388844277668492,
        "std": 0.0004373454875016802,
        "values": [
          0.013312926872458775,
          0.013980005172925303,
          0.014372396284670685
        ]
      },
      "u_mae": {
        "mean": 0.016181317228219343,
        "std": 0.0016520759641824934,
        "values": [
          0.015598230664563185,
          0.018432207348054164,
          0.014513513672040684
        ]
      },
      "no_bridge": {
        "field_rel_l2": {
          "mean": 0.002214209507736895,
          "std": 0.0002621058411894704,
          "values": [
            0.0019885981222614647,
            0.00258171862612168,
            0.00207231177482754
          ]
        },
        "u_mae": {
          "mean": 0.005764085678223314,
          "std": 0.00273715153916951,
          "values": [
            0.0035323531128919838,
            0.009619025735031756,
            0.004140878186746202
          ]
        },
        "n": 15
      },
      "bridge": {
        "field_rel_l2": {
          "mean": 0.017462187654934316,
          "std": 0.0005544933013955504,
          "values": [
            0.016779558122519175,
            0.017469276564803963,
            0.018137728277479812
          ]
        },
        "u_mae": {
          "mean": 0.019370265661891598,
          "std": 0.0014060021700678135,
          "values": [
            0.01929186664976865,
            0.021130120086734497,
            0.017688810249171648
          ]
        },
        "n": 49
      },
      "beats_reference": true,
      "robust_win": true,
      "pooled_std": 0.0037563867192921155,
      "verdict": "yes \u2014 robustly beats fno (\u0394U-MAE +0.0080 > pooled \u03c3 0.0038)"
    },
    {
      "variant": "delta_fno",
      "n_seeds": 3,
      "params": 308385,
      "train_time_s": {
        "mean": 95.84899397101253,
        "std": 0.7626511640454766,
        "values": [
          94.97973071713932,
          95.73068686388433,
          96.83656433201395
        ]
      },
      "field_rel_l2": {
        "mean": 0.013137955517019387,
        "std": 0.0002049511537652987,
        "values": [
          0.013058074421678612,
          0.012936604288825038,
          0.013419187840554514
        ]
      },
      "u_mae": {
        "mean": 0.010538429479149831,
        "std": 0.000881857719507477,
        "values": [
          0.011512577822594097,
          0.010725733398639137,
          0.009376977216216257
        ]
      },
      "no_bridge": {
        "field_rel_l2": {
          "mean": 0.000491415345782621,
          "std": 0.00013582548731047296,
          "values": [
            0.0006823858711868525,
            0.0004138336672137181,
            0.00037802649894729256
          ]
        },
        "u_mae": {
          "mean": 0.0016510467087588754,
          "std": 6.630768631735936e-05,
          "values": [
            0.0017425579367226422,
            0.0015875615921171703,
            0.001623020597436814
          ]
        },
        "n": 15
      },
      "bridge": {
        "field_rel_l2": {
          "mean": 0.017009345365357174,