{
  "config": {
    "models": [
      "gino",
      "delta_gino",
      "fno_voxel",
      "prior_only"
    ],
    "epochs": 300,
    "batch_size": 1,
    "lr": 0.001,
    "seeds": [
      1337,
      1,
      2
    ],
    "device": "cuda",
    "train_root": "data/processed/block2_train",
    "val_root": "data/processed/block2_val",
    "corpus": "box",
    "num_workers": 0,
    "accel": true,
    "latent_grid": 16,
    "voxel_grid": 16,
    "u_face_band": 0.08,
    "gino_accel": true
  },
  "results": [
    {
      "model": "gino",
      "kind": "gino",
      "params": 2807892,
      "seeds": [
        1337,
        1,
        2
      ],
      "field_rel_l2_mean": 0.02431449370730358,
      "field_rel_l2_std": 0.0002674542437723917,
      "u_mae_mean": 0.04925337748621139,
      "u_mae_std": 0.0036517616325153364,
      "u_mape_mean": 11.222408656109097,
      "u_mape_std": 0.8134893910482318,
      "u_mae_clear_baseline_mean": 0.07758667832240462,
      "u_mae_clear_baseline_std": 0.0,
      "u_improvement_x_mean": 1.583945135991595,
      "u_improvement_x_std": 0.11735646199239198,
      "infer_ms_per_sample_mean": 10.645700477956174,
      "infer_ms_per_sample_std": 0.47161016546629775,
      "per_seed": [
        {
          "field_rel_l2": 0.024591342720668763,
          "u_mae": 0.053802738789489726,
          "u_mape": 12.247884074625949,
          "u_mae_clear_baseline": 0.07758667832240462,
          "u_improvement_x": 1.4420581566669437,
          "infer_ms_per_sample": 11.30604578065686,
          "seed": 1337,
          "train_time_s": 492.9
        },
        {
          "field_rel_l2": 0.02395287953549996,
          "u_mae": 0.044861970983111565,
          "u_mape": 10.258065357275763,
          "u_mae_clear_baseline": 0.07758667832240462,
          "u_improvement_x": 1.7294531787649807,
          "infer_ms_per_sample": 10.396659097750671,
          "seed": 1,
          "train_time_s": 483.9
        },
        {
          "field_rel_l2": 0.024399258865742013,
          "u_mae": 0.04909542268603288,
          "u_mape": 11.161276536425584,
          "u_mae_clear_baseline": 0.07758667832240462,
          "u_improvement_x": 1.5803240725428604,
          "infer_ms_per_sample": 10.23439655546099,
          "seed": 2,
          "train_time_s": 465.4
        }
      ]
    },
    {
      "model": "delta_gino",
      "kind": "delta_gino",
      "params": 2808181,
      "seeds": [
        1337,
        1,
        2
      ],
      "field_rel_l2_mean": 0.02547098504222352,
      "field_rel_l2_std": 0.00023090837436577798,
      "u_mae_mean": 0.048558888782960385,
      "u_mae_std": 0.0011691831671937149,
      "u_mape_mean": 11.462489252349265,
      "u_mape_std": 0.17895785989906987,
      "u_mae_clear_baseline_mean": 0.07758667832240462,
      "u_mae_clear_baseline_std": 0.0,
      "u_improvement_x_mean": 1.5987246256579828,
      "u_improvement_x_std": 0.03901488090156792,
      "infer_ms_per_sample_mean": 10.258181988319848,
      "infer_ms_per_sample_std": 0.061265757935032174,
      "per_seed": [
        {
          "field_rel_l2": 0.02578266645923577,
          "u_mae": 0.04968797163766313,
          "u_mape": 11.618493370447212,
          "u_mae_clear_baseline": 0.07758667832240462,
          "u_improvement_x": 1.561478075381819,
          "infer_ms_per_sample": 10.344073707528878,
          "seed": 1337,
          "train_time_s": 457.6
        },
        {
          "field_rel_l2": 0.025230769949303067,
          "u_mae": 0.04904046534517133,
          "u_mape": 11.557073142270202,
          "u_mae_clear_baseline": 0.07758667832240462,
          "u_improvement_x": 1.5820950673349197,
          "infer_ms_per_sample": 10.22509508766234,
          "seed": 1,
          "train_time_s": 456.5
        },
        {
          "field_rel_l2": 0.02539951871813173,
          "u_mae": 0.04694822936604669,
          "u_mape": 11.211901244330383,
          "u_mae_clear_baseline": 0.07758667832240462,
          "u_improvement_x": 1.652600734257209,
          "infer_ms_per_sample": 10.205377169768326,
          "seed": 2,
          "train_time_s": 456.0
        }
      ]
    },
    {
      "model": "fno_voxel",
      "kind": "fno_voxel",
      "params": 2410689,
      "seeds": [
        1337,
        1,
        2
      ],
      "field_rel_l2_mean": 0.01964584540595145,
      "field_rel_l2_std": 5.6033015941122686e-05,
      "u_mae_mean": 0.0450263942177214,
      "u_mae_std": 0.0003839615735487525,
      "u_mape_mean": 10.500531777476318,
      "u_mape_std": 0.11604111370784359,
      "u_mae_clear_baseline_mean": 0.07758667832240462,
      "u_mae_clear_baseline_std": 0.0,
      "u_improvement_x_mean": 1.7232630497090267,
      "u_improvement_x_std": 0.0146972967025837,
      "infer_ms_per_sample_mean": 7.665531515764694,
      "infer_ms_per_sample_std": 6.597487689088866,
      "per_seed": [
        {
          "field_rel_l2": 0.019707770698005334,
          "u_mae": 0.04502927045610022,
          "u_mape": 10.516188559957454,
          "u_mae_clear_baseline": 0.07758667832240462,
          "u_improvement_x": 1.7230276559342694,
          "infer_ms_per_sample": 16.99577302497346,
          "seed": 1337,
          "train_time_s": 248.3
        },
        {
          "field_rel_l2": 0.01965770205424633,
          "u_mae": 0.0454952044694836,
          "u_mape": 10.634175853442585,
          "u_mae_clear_baseline": 0.07758667832240462,
          "u_improvement_x": 1.7053814622252488,
          "infer_ms_per_sample": 3.014927868207451,
          "seed": 1,
          "train_time_s": 246.5
        },
        {
          "field_rel_l2": 0.019572063465602696,
          "u_mae": 0.044554707727580384,
          "u_mape": 10.351230919028916,
          "u_mae_clear_baseline": 0.07758667832240462,
          "u_improvement_x": 1.7413800309675624,
          "infer_ms_per_sample": 2.9858936541131698,
          "seed": 2,
          "train_time_s": 246.2
        }
      ]
    },
    {
      "model": "prior_only",
      "kind": "prior_only",
      "params": 0,
      "seeds": [
        1337,
        1,
        2
      ],
      "field_rel_l2_mean": 0.03769139913492836,
      "field_rel_l2_std": 0.0,
      "u_mae_mean": 0.07758673039031704,
      "u_mae_std": 0.0,
      "u_mape_mean": 18.354299276269725,
      "u_mape_std": 0.0,
      "u_mae_clear_baseline_mean": 0.07758667832240462,
      "u_mae_clear_baseline_std": 0.0,
      "u_improvement_x_mean": 0.9999993289069903,
      "u_improvement_x_std": 0.0,
      "infer_ms_per_sample_mean": 0.002956515042266498,
      "infer_ms_per_sample_std": 0.0002509231575129067,
      "per_seed": [
        {
          "field_rel_l2": 0.03769139913492836,
          "u_mae": 0.07758673039031704,
          "u_mape": 18.354299276269725,
          "u_mae_clear_baseline": 0.07758667832240462,
          "u_improvement_x": 0.9999993289069903,
          "infer_ms_per_sample": 0.0033109390642493963,
          "seed": 1337,
          "train_time_s": 0.0
        },
        {
          "field_rel_l2": 0.03769139913492836,
          "u_mae": 0.07758673039031704,
          "u_mape": 18.354299276269725,
          "u_mae_clear_baseline": 0.07758667832240462,
          "u_improvement_x": 0.9999993289069903,
          "infer_ms_per_sample": 0.0027945134206674993,
          "seed": 1,
          "train_time_s": 0.0
        },
        {
          "field_rel_l2": 0.03769139913492836,
          "u_mae": 0.07758673039031704,
          "u_mape": 18.354299276269725,
          "u_mae_clear_baseline": 0.07758667832240462,
          "u_improvement_x": 0.9999993289069903,
          "infer_ms_per_sample": 0.0027640926418825984,
          "seed": 2,
          "train_time_s": 0.0
        }
      ]
    }
  ]
}