{
  "corpus": "realcg",
  "n_points": 141532,
  "n_blocks": 35,
  "point_field_rel_l2_mean": 1.0162029893716678,
  "point_field_rel_l2_std": 0.04678252935363053,
  "err_vs_depth": {
    "x": [
      0.041666666666666664,
      0.125,
      0.20833333333333331,
      0.29166666666666663,
      0.375,
      0.4583333333333333,
      0.5416666666666666,
      0.625,
      0.7083333333333333,
      0.7916666666666666,
      0.875,
      0.9583333333333333
    ],
    "err": [
      0.3919573128223419,
      0.43591272830963135,
      0.48102495074272156,
      0.46530285477638245,
      0.4732667803764343,
      0.463631272315979,
      0.4381886422634125,
      0.4483219385147095,
      0.4558476507663727,
      0.4737566411495209,
      0.4498368501663208,
      0.38092079758644104
    ]
  },
  "err_surface_mean": 0.391506165266037,
  "err_interior_mean": 0.4621664583683014,
  "err_vs_dist_to_bridge": {
    "d": [
      0.007329709082841873,
      0.02198912724852562,
      0.036648545414209366,
      0.05130796357989312,
      0.06596738174557686,
      0.08062679991126061,
      0.09528621807694435,
      0.1099456362426281,
      0.12460505440831185,
      0.1392644725739956
    ],
    "err": [
      0.44191670417785645,
      0.453034907579422,
      0.4547283947467804,
      0.4573328495025635,
      0.46538713574409485,
      0.4577189087867737,
      0.4615955054759979,
      0.4605202078819275,
      0.4598826766014099,
      0.4949102997779846
    ]
  },
  "uq_err_std_pearson": 0.14218674639366594,
  "uq_err_std_spearman": 0.16198384012468403,
  "u_bands": {
    "u_mae_b0.04": 0.004754105879004822,
    "u_mape_b0.04": 1.6703612462173067,
    "u_mae_b0.08": 0.0023958353929712985,
    "u_mape_b0.08": 0.8409739139917096,
    "u_mae_b0.16": 0.0015661755312329274,
    "u_mape_b0.16": 0.5492508937265262
  },
  "observation": {
    "full": {
      "logk_rel_l2_mean": 1.0916889360972812,
      "logk_rel_l2_std": 0.0690384556306491,
      "n_obs_mean": 4043.7714285714287,
      "n_obs_std": 91.79202757609514,
      "u_rec_mean": 0.28538076362711434,
      "u_rec_std": 0.0030503440874912477,
      "u_true_mean": 0.2838553156171526,
      "u_true_std": 0.001743258212933888,
      "bridge_precision_mean": 0.15341502564771684,
      "bridge_precision_std": 0.031635357189509605,
      "bridge_recall_mean": 0.14722598138995033,
      "bridge_recall_std": 0.04486515328718066,
      "bridge_iou_mean": 0.07868995587387631,
      "bridge_iou_std": 0.015434584327785569,
      "bridge_frac_true_mean": 0.16710064240864345,
      "bridge_frac_true_std": 0.0371092894764983,
      "bridge_frac_pred_mean": 0.15551894179412296,
      "bridge_frac_pred_std": 0.027239985293129206,
      "u_mae": 0.0016103086548270354
    },
    "surface": {
      "logk_rel_l2_mean": 0.9923776984214783,
      "logk_rel_l2_std": 0.025412022877290392,
      "n_obs_mean": 178.4,
      "n_obs_std": 111.13446167336471,
      "u_rec_mean": 0.2855988383693597,
      "u_rec_std": 0.0034879338069523525,
      "u_true_mean": 0.2838553156171526,
      "u_true_std": 0.001743258212933888,
      "bridge_precision_mean": 0.117391311058929,
      "bridge_precision_std": 0.056425891633017575,
      "bridge_recall_mean": 0.018666291767029042,
      "bridge_recall_std": 0.010600199932000691,
      "bridge_iou_mean": 0.015641287179040172,
      "bridge_iou_std": 0.008185385896419465,
      "bridge_frac_true_mean": 0.16710064240864345,
      "bridge_frac_true_std": 0.0371092894764983,
      "bridge_frac_pred_mean": 0.027391025610268117,
      "bridge_frac_pred_std": 0.013695738470700382,
      "u_mae": 0.0017953971420295502
    },
    "interior": {
      "logk_rel_l2_mean": 1.0775247641972132,
      "logk_rel_l2_std": 0.05223653191090145,
      "n_obs_mean": 3345.4285714285716,
      "n_obs_std": 308.5969433895737,
      "u_rec_mean": 0.28916484608119114,
      "u_rec_std": 0.004216924486816346,
      "u_true_mean": 0.2838553156171526,
      "u_true_std": 0.001743258212933888,
      "bridge_precision_mean": 0.16327893366645674,
      "bridge_precision_std": 0.031392082485755805,
      "bridge_recall_mean": 0.1395156487179741,
      "bridge_recall_std": 0.04317150254789388,
      "bridge_iou_mean": 0.0794603360054084,
      "bridge_iou_std": 0.016870958502865522,
      "bridge_frac_true_mean": 0.16710064240864345,
      "bridge_frac_true_std": 0.0371092894764983,
      "bridge_frac_pred_mean": 0.1371702832835061,
      "bridge_frac_pred_std": 0.01766099800562831,
      "u_mae": 0.0055207773044097285
    }
  },
  "bridge_focused": {
    "correction_rel_l2_mean": 0.8834311270340213,
    "correction_rel_l2_std": 0.15562931175603664,
    "correction_r2_mean": 0.18172646021727693,
    "correction_r2_std": 0.2672185704019575,
    "correction_corr_mean": 0.5663688040025727,
    "correction_corr_std": 0.11552284781169156,
    "true_correction_rms_mean": 0.011033110675753983,
    "true_correction_rms_std": 0.006468479286684826,
    "true_correction_max_mean": 0.1774015256336757,
    "true_correction_max_std": 0.055117350572632076,
    "bridge_frac_t001_mean": 0.08505629242561168,
    "bridge_frac_t001_std": 0.079443748719418,
    "bridge_corr_rel_l2_t001_mean": 0.6312017586414247,
    "bridge_corr_rel_l2_t001_std": 0.0741604297438044,
    "bridge_field_rel_l2_t001_mean": 0.03338004309661018,
    "bridge_field_rel_l2_t001_std": 0.010814890769760957,
    "bridge_frac_t002_mean": 0.045474684854802785,
    "bridge_frac_t002_std": 0.053225174325368774,
    "bridge_corr_rel_l2_t002_mean": 0.6290136557247467,
    "bridge_corr_rel_l2_t002_std": 0.08043265650028,
    "bridge_field_rel_l2_t002_mean": 0.04824873244876411,
    "bridge_field_rel_l2_t002_std": 0.013366077989296307,
    "bridge_frac_t005_mean": 0.013661376215475144,
    "bridge_frac_t005_std": 0.01655327731637788,
    "bridge_corr_rel_l2_t005_mean": 0.6276926683821054,
    "bridge_corr_rel_l2_t005_std": 0.09376040615468674,
    "bridge_field_rel_l2_t005_mean": 0.08004002991584797,
    "bridge_field_rel_l2_t005_std": 0.018792440237249273,
    "clear_field_rel_l2_mean": 0.008354844549831436,
    "clear_field_rel_l2_std": 0.002268116788632708
  }
}