{
  "corpus": "hard",
  "n_points": 131072,
  "n_blocks": 32,
  "point_field_rel_l2_mean": 1.1596796403610767,
  "point_field_rel_l2_std": 0.6517254840508145,
  "err_vs_depth": {
    "x": [
      0.041666666666666664,
      0.125,
      0.20833333333333331,
      0.29166666666666663,
      0.375,
      0.4583333333333333,
      0.5416666666666666,
      0.625,
      0.7083333333333333,
      0.7916666666666666,
      0.875,
      0.9583333333333333
    ],
    "err": [
      0.29880669713020325,
      0.07360813021659851,
      0.06613872945308685,
      0.06963047385215759,
      0.10360357165336609,
      0.2004932165145874,
      0.3285232186317444,
      0.475254088640213,
      1.180512547492981,
      1.0577058792114258,
      0.9507482647895813,
      0.6042239665985107
    ]
  },
  "err_surface_mean": 0.3086208999156952,
  "err_interior_mean": 0.42579400539398193,
  "err_vs_dist_to_bridge": {
    "d": [
      0.04250635802745819,
      0.12751907408237456,
      0.21253179013729095,
      0.2975445061922073,
      0.38255722224712374,
      0.4675699383020401,
      0.5525826543569565,
      0.6375953704118729,
      0.7226080864667892,
      0.8076208025217055
    ],
    "err": [
      0.3781285583972931,
      0.2436918020248413,
      0.3645065724849701,
      0.49995094537734985,
      0.5952409505844116,
      0.6695041656494141,
      0.549307107925415,
      0.42683663964271545,
      0.37830206751823425,
      0.37325066328048706
    ]
  },
  "uq_err_std_pearson": 0.2573617843509763,
  "uq_err_std_spearman": 0.4926406027264425,
  "u_bands": {
    "u_mae_b0.04": 0.044338271000476916,
    "u_mape_b0.04": 11.37335422496723,
    "u_mae_b0.08": 0.048129106734805784,
    "u_mape_b0.08": 12.14108933201397,
    "u_mae_b0.16": 0.05286836503864484,
    "u_mape_b0.16": 13.528753274918854
  },
  "observation": {
    "full": {
      "logk_rel_l2_mean": 1.2027185931801796,
      "logk_rel_l2_std": 0.6668103620611151,
      "n_obs_mean": 4096.0,
      "n_obs_std": 0.0,
      "u_rec_mean": 0.3394381805264177,
      "u_rec_std": 0.07199129107562902,
      "u_true_mean": 0.37211691634729505,
      "u_true_std": 0.08337320719938224,
      "bridge_precision_mean": 0.2718694917285853,
      "bridge_precision_std": 0.3217429845149134,
      "bridge_recall_mean": 0.6638303598418291,
      "bridge_recall_std": 0.3525894292069958,
      "bridge_iou_mean": 0.10215227647505887,
      "bridge_iou_std": 0.12101157517537048,
      "bridge_frac_true_mean": 0.10234832763671875,
      "bridge_frac_true_std": 0.1203542515278014,
      "bridge_frac_pred_mean": 0.27286529541015625,
      "bridge_frac_pred_std": 0.14380467776170103,
      "u_mae": 0.041382353186690604
    },
    "surface": {
      "logk_rel_l2_mean": 0.8715706942602992,
      "logk_rel_l2_std": 0.3886635536408649,
      "n_obs_mean": 326.4375,
      "n_obs_std": 17.86221133426654,
      "u_rec_mean": 0.3313975394100146,
      "u_rec_std": 0.07015180797218831,
      "u_true_mean": 0.37211691634729505,
      "u_true_std": 0.08337320719938224,
      "bridge_precision_mean": 0.2074346379489515,
      "bridge_precision_std": 0.2556322237152416,
      "bridge_recall_mean": 0.03682026355580487,
      "bridge_recall_std": 0.04496674794341608,
      "bridge_iou_mean": 0.03084630409356022,
      "bridge_iou_std": 0.040586376286829144,
      "bridge_frac_true_mean": 0.10234832763671875,
      "bridge_frac_true_std": 0.1203542515278014,
      "bridge_frac_pred_mean": 0.03564453125,
      "bridge_frac_pred_std": 0.016247966712509044,
      "u_mae": 0.040856364525226646
    },
    "interior": {
      "logk_rel_l2_mean": 1.2323798881843686,
      "logk_rel_l2_std": 0.6662285726772832,
      "n_obs_mean": 3279.0,
      "n_obs_std": 25.995191863111916,
      "u_rec_mean": 0.3328503731000011,
      "u_rec_std": 0.08203948063819197,
      "u_true_mean": 0.37211691634729505,
      "u_true_std": 0.08337320719938224,
      "bridge_precision_mean": 0.2744725635624491,
      "bridge_precision_std": 0.3274181212820021,
      "bridge_recall_mean": 0.6501686013296968,
      "bridge_recall_std": 0.3646625870789563,
      "bridge_iou_mean": 0.09417932813712171,
      "bridge_iou_std": 0.10938129165449044,
      "bridge_frac_true_mean": 0.10234832763671875,
      "bridge_frac_true_std": 0.1203542515278014,
      "bridge_frac_pred_mean": 0.282928466796875,
      "bridge_frac_pred_std": 0.16447006136110318,
      "u_mae": 0.05453992087141954
    }
  },
  "bridge_focused": {
    "correction_rel_l2_mean": 0.46526974711053903,
    "correction_rel_l2_std": 0.17065298616280877,
    "correction_r2_mean": 0.748617948829187,
    "correction_r2_std": 0.20809905657430905,
    "correction_corr_mean": 0.9009830747601152,
    "correction_corr_std": 0.049639315049139696,
    "true_correction_rms_mean": 0.03853229990498709,
    "true_correction_rms_std": 0.017558176147584394,
    "true_correction_max_mean": 0.38227104721590877,
    "true_correction_max_std": 0.1031596959340944,
    "bridge_frac_t001_mean": 0.46588134765625,
    "bridge_frac_t001_std": 0.3450160931465314,
    "bridge_corr_rel_l2_t001_mean": 0.35897338047285954,
    "bridge_corr_rel_l2_t001_std": 0.09822114755651916,
    "bridge_field_rel_l2_t001_mean": 0.03627507779779521,
    "bridge_field_rel_l2_t001_std": 0.019108679105360526,
    "bridge_frac_t002_mean": 0.2892913818359375,
    "bridge_frac_t002_std": 0.2582498073759208,
    "bridge_corr_rel_l2_t002_mean": 0.3268483063392299,
    "bridge_corr_rel_l2_t002_std": 0.10675984603274773,
    "bridge_field_rel_l2_t002_mean": 0.04291663599141959,
    "bridge_field_rel_l2_t002_std": 0.02221459838933818,
    "bridge_frac_t005_mean": 0.064422607421875,
    "bridge_frac_t005_std": 0.06739670845158321,
    "bridge_corr_rel_l2_t005_mean": 0.29734768667660044,
    "bridge_corr_rel_l2_t005_std": 0.10776910477062505,
    "bridge_field_rel_l2_t005_mean": 0.07115548136568638,
    "bridge_field_rel_l2_t005_std": 0.021447856517266183,
    "clear_field_rel_l2_mean": 0.04190627418948581,
    "clear_field_rel_l2_std": 0.037496887532184615
  }
}