{
  "corpus": "realcg_lod3",
  "n_points": 117914,
  "n_blocks": 30,
  "point_field_rel_l2_mean": 1.047705264255138,
  "point_field_rel_l2_std": 0.04753829632944742,
  "err_vs_depth": {
    "x": [
      0.041666666666666664,
      0.125,
      0.20833333333333331,
      0.29166666666666663,
      0.375,
      0.4583333333333333,
      0.5416666666666666,
      0.625,
      0.7083333333333333,
      0.7916666666666666,
      0.875,
      0.9583333333333333
    ],
    "err": [
      0.5189628005027771,
      0.5356560945510864,
      0.5262983441352844,
      0.527501106262207,
      0.5163068771362305,
      0.5161370635032654,
      0.5061603784561157,
      0.4940231442451477,
      0.47990262508392334,
      0.4970875680446625,
      0.48127612471580505,
      0.4450095593929291
    ]
  },
  "err_surface_mean": 0.518375813961029,
  "err_interior_mean": 0.511442244052887,
  "err_vs_dist_to_bridge": {
    "d": [
      0.007324046641588211,
      0.021972139924764635,
      0.036620233207941055,
      0.05126832649111748,
      0.0659164197742939,
      0.08056451305747032,
      0.09521260634064674,
      0.10986069962382317,
      0.1245087929069996,
      0.13915688619017602
    ],
    "err": [
      0.5170956254005432,
      0.47777533531188965,
      0.48392412066459656,
      0.49155092239379883,
      0.5060675144195557,
      0.5094391107559204,
      0.5282489061355591,
      0.5325748324394226,
      0.5287952423095703,
      0.5504194498062134
    ]
  },
  "uq_err_std_pearson": 0.25213268860732563,
  "uq_err_std_spearman": 0.2766461922806387,
  "u_bands": {
    "u_mae_b0.04": 0.0016714484145911794,
    "u_mape_b0.04": 0.576433215828995,
    "u_mae_b0.08": 0.0014603420513151148,
    "u_mape_b0.08": 0.5046074135993251,
    "u_mae_b0.16": 0.0011684707893189169,
    "u_mape_b0.16": 0.40313449626776354
  },
  "observation": {
    "full": {
      "logk_rel_l2_mean": 1.1141916791598,
      "logk_rel_l2_std": 0.0697619734242666,
      "n_obs_mean": 3930.4666666666667,
      "n_obs_std": 183.65215913665583,
      "u_rec_mean": 0.287299700564987,
      "u_rec_std": 0.011687053944876605,
      "u_true_mean": 0.28517993887265525,
      "u_true_std": 0.010377808017613012,
      "bridge_precision_mean": 0.12150530527251323,
      "bridge_precision_std": 0.022785424641172905,
      "bridge_recall_mean": 0.07633384658855137,
      "bridge_recall_std": 0.03132730304742204,
      "bridge_iou_mean": 0.047804305638195495,
      "bridge_iou_std": 0.015487361702125706,
      "bridge_frac_true_mean": 0.17857238973180453,
      "bridge_frac_true_std": 0.050440515998056566,
      "bridge_frac_pred_mean": 0.10092880427837372,
      "bridge_frac_pred_std": 0.01826084932659261,
      "u_mae": 0.002167713190898953
    },
    "surface": {
      "logk_rel_l2_mean": 1.0120304465293883,
      "logk_rel_l2_std": 0.03069967066967671,
      "n_obs_mean": 243.36666666666667,
      "n_obs_std": 93.55728488768555,
      "u_rec_mean": 0.2869665832551582,
      "u_rec_std": 0.011031007719518161,
      "u_true_mean": 0.28517993887265525,
      "u_true_std": 0.010377808017613012,
      "bridge_precision_mean": 0.0995468071034365,
      "bridge_precision_std": 0.04912110657073929,
      "bridge_recall_mean": 0.017846070297118145,
      "bridge_recall_std": 0.012803084259130654,
      "bridge_iou_mean": 0.014880352902182896,
      "bridge_iou_std": 0.00994605676234716,
      "bridge_frac_true_mean": 0.17857238973180453,
      "bridge_frac_true_std": 0.050440515998056566,
      "bridge_frac_pred_mean": 0.028865272489686806,
      "bridge_frac_pred_std": 0.010507473420198005,
      "u_mae": 0.0018460507079838743
    },
    "interior": {
      "logk_rel_l2_mean": 1.0982389887173971,
      "logk_rel_l2_std": 0.06702432145563242,
      "n_obs_mean": 3179.5,
      "n_obs_std": 121.92531867226484,
      "u_rec_mean": 0.28941374104835454,
      "u_rec_std": 0.012200791263007466,
      "u_true_mean": 0.28517993887265525,
      "u_true_std": 0.010377808017613012,
      "bridge_precision_mean": 0.12519626169661222,
      "bridge_precision_std": 0.025593476921479195,
      "bridge_recall_mean": 0.07110167788400049,
      "bridge_recall_std": 0.03119398377686275,
      "bridge_iou_mean": 0.04651046469333569,
      "bridge_iou_std": 0.01667325196534235,
      "bridge_frac_true_mean": 0.17857238973180453,
      "bridge_frac_true_std": 0.050440515998056566,
      "bridge_frac_pred_mean": 0.09004373302062353,
      "bridge_frac_pred_std": 0.015437306262986655,
      "u_mae": 0.004233802175699327
    }
  },
  "bridge_focused": {
    "correction_rel_l2_mean": 0.7774075577529678,
    "correction_rel_l2_std": 0.04315962070726224,
    "correction_r2_mean": 0.38034257102016444,
    "correction_r2_std": 0.0672034824717873,
    "correction_corr_mean": 0.6328011761503671,
    "correction_corr_std": 0.054124204983232546,
    "true_correction_rms_mean": 0.015416660839630319,
    "true_correction_rms_std": 0.007724149898436369,
    "true_correction_max_mean": 0.2247313032547633,
    "true_correction_max_std": 0.07225456011743195,
    "bridge_frac_t001_mean": 0.11496666124283954,
    "bridge_frac_t001_std": 0.08229993581796362,
    "bridge_corr_rel_l2_t001_mean": 0.6987080984628755,
    "bridge_corr_rel_l2_t001_std": 0.058444351593377936,
    "bridge_field_rel_l2_t001_mean": 0.04512578249663166,
    "bridge_field_rel_l2_t001_std": 0.012996970255541489,
    "bridge_frac_t002_mean": 0.06959688356424736,
    "bridge_frac_t002_std": 0.05885080503899421,
    "bridge_corr_rel_l2_t002_mean": 0.6921178595645967,
    "bridge_corr_rel_l2_t002_std": 0.06476578890956905,
    "bridge_field_rel_l2_t002_mean": 0.058240413960897165,
    "bridge_field_rel_l2_t002_std": 0.013368602912439116,
    "bridge_frac_t005_mean": 0.024441087710121212,
    "bridge_frac_t005_std": 0.022201688892806836,
    "bridge_corr_rel_l2_t005_mean": 0.6894823056233215,
    "bridge_corr_rel_l2_t005_std": 0.07764495465696945,
    "bridge_field_rel_l2_t005_mean": 0.08948879933479517,
    "bridge_field_rel_l2_t005_std": 0.018704123368388902,
    "clear_field_rel_l2_mean": 0.007088656163069431,
    "clear_field_rel_l2_std": 0.0027846663868376278
  }
}