{
  "corpus": "box",
  "n_points": 65536,
  "n_blocks": 32,
  "point_field_rel_l2_mean": 0.4629165368242777,
  "point_field_rel_l2_std": 0.1845734475606536,
  "err_vs_depth": {
    "x": [
      0.041666666666666664,
      0.125,
      0.20833333333333331,
      0.29166666666666663,
      0.375,
      0.4583333333333333,
      0.5416666666666666,
      0.625,
      0.7083333333333333,
      0.7916666666666666,
      0.875,
      0.9583333333333333
    ],
    "err": [
      0.35139167308807373,
      0.08738363534212112,
      0.08971985429525375,
      0.08278895169496536,
      0.08352131396532059,
      0.08465631306171417,
      0.11202804744243622,
      0.19605609774589539,
      0.3418287932872772,
      0.18172402679920197,
      0.31110337376594543,
      0.3438502550125122
    ]
  },
  "err_surface_mean": 0.3633093535900116,
  "err_interior_mean": 0.14663369953632355,
  "err_vs_dist_to_bridge": {
    "d": [
      0.04000086486339569,
      0.12000259459018708,
      0.20000432431697845,
      0.2800060540437699,
      0.3600077837705612,
      0.4400095134973526,
      0.5200112432241439,
      0.6000129729509354,
      0.6800147026777268,
      0.7600164324045182
    ],
    "err": [
      0.38452863693237305,
      0.13641135394573212,
      0.1076979711651802,
      0.10351558774709702,
      0.11589871346950531,
      0.24346454441547394,
      0.24112392961978912,
      0.20818153023719788,
      0.18841852247714996,
      0.1739460676908493
    ]
  },
  "uq_err_std_pearson": 0.4323709790360824,
  "uq_err_std_spearman": 0.563388048733082,
  "u_bands": {
    "u_mae_b0.04": 0.05526769728286397,
    "u_mape_b0.04": 12.259656330545315,
    "u_mae_b0.08": 0.05527219707445796,
    "u_mape_b0.08": 12.426597251249866,
    "u_mae_b0.16": 0.05898763535719252,
    "u_mape_b0.16": 13.574256385676712
  },
  "observation": {
    "full": {
      "logk_rel_l2_mean": 0.5459981975145638,
      "logk_rel_l2_std": 0.26524300906898796,
      "n_obs_mean": 2048.0,
      "n_obs_std": 0.0,
      "u_rec_mean": 0.3064839048804848,
      "u_rec_std": 0.08262287463172822,
      "u_true_mean": 0.340573419816792,
      "u_true_std": 0.12031386308950878,
      "bridge_precision_mean": 0.27780483497460773,
      "bridge_precision_std": 0.2446215940581777,
      "bridge_recall_mean": 0.3497166335547201,
      "bridge_recall_std": 0.3710962923167279,
      "bridge_iou_mean": 0.05418339396155417,
      "bridge_iou_std": 0.03330913945970985,
      "bridge_frac_true_mean": 0.133544921875,
      "bridge_frac_true_std": 0.12157075515606666,
      "bridge_frac_pred_mean": 0.055023193359375,
      "bridge_frac_pred_std": 0.0397723432273096,
      "u_mae": 0.0342191256375551
    },
    "surface": {
      "logk_rel_l2_mean": 0.775154388975352,
      "logk_rel_l2_std": 0.41514590802427165,
      "n_obs_mean": 165.125,
      "n_obs_std": 12.737125853189957,
      "u_rec_mean": 0.3013670239225663,
      "u_rec_std": 0.08161915380766986,
      "u_true_mean": 0.340573419816792,
      "u_true_std": 0.12031386308950878,
      "bridge_precision_mean": 0.12524647125007002,
      "bridge_precision_std": 0.1307216024234135,
      "bridge_recall_mean": 0.01567059030707764,
      "bridge_recall_std": 0.01727881639885922,
      "bridge_iou_mean": 0.012232060689130885,
      "bridge_iou_std": 0.014649049678716575,
      "bridge_frac_true_mean": 0.133544921875,
      "bridge_frac_true_std": 0.12157075515606666,
      "bridge_frac_pred_mean": 0.0406036376953125,
      "bridge_frac_pred_std": 0.028428786634065496,
      "u_mae": 0.039272133381128636
    },
    "interior": {
      "logk_rel_l2_mean": 0.5479099932126701,
      "logk_rel_l2_std": 0.26292061609262124,
      "n_obs_mean": 1638.0625,
      "n_obs_std": 20.776996745198762,
      "u_rec_mean": 0.2989255057766127,
      "u_rec_std": 0.07269906664918901,
      "u_true_mean": 0.340573419816792,
      "u_true_std": 0.12031386308950878,
      "bridge_precision_mean": 0.26348199598218425,
      "bridge_precision_std": 0.2361243695248819,
      "bridge_recall_mean": 0.35598970528208307,
      "bridge_recall_std": 0.3880057897980828,
      "bridge_iou_mean": 0.05310044171082624,
      "bridge_iou_std": 0.033813968098072966,
      "bridge_frac_true_mean": 0.133544921875,
      "bridge_frac_true_std": 0.12157075515606666,
      "bridge_frac_pred_mean": 0.0532379150390625,
      "bridge_frac_pred_std": 0.03374653259210138,
      "u_mae": 0.04274611965476302
    }
  },
  "bridge_focused": {
    "correction_rel_l2_mean": 137157.47016814366,
    "correction_rel_l2_std": 427827.3834571337,
    "correction_r2_mean": -2017.694315564074,
    "correction_r2_std": 6354.662616192559,
    "correction_corr_mean": 0.7944711099392167,
    "correction_corr_std": 0.2999818308908058,
    "true_correction_rms_mean": 0.027017363072387522,
    "true_correction_rms_std": 0.026326528195292846,
    "true_correction_max_mean": 0.22798339510336518,
    "true_correction_max_std": 0.16533586607949416,
    "bridge_frac_t001_mean": 0.3380126953125,
    "bridge_frac_t001_std": 0.35287888229320885,
    "bridge_corr_rel_l2_t001_mean": 0.4104134363547461,
    "bridge_corr_rel_l2_t001_std": 0.1711867728376852,
    "bridge_field_rel_l2_t001_mean": 0.029017697794072574,
    "bridge_field_rel_l2_t001_std": 0.0127520792135628,
    "bridge_frac_t002_mean": 0.21923828125,
    "bridge_frac_t002_std": 0.2929263529299683,
    "bridge_corr_rel_l2_t002_mean": 0.3853715693055187,
    "bridge_corr_rel_l2_t002_std": 0.18271183392971052,
    "bridge_field_rel_l2_t002_mean": 0.035306339918144886,
    "bridge_field_rel_l2_t002_std": 0.015245168085421222,
    "bridge_frac_t005_mean": 0.0800018310546875,
    "bridge_frac_t005_std": 0.16105923489981955,
    "bridge_corr_rel_l2_t005_mean": 0.32661687662035405,
    "bridge_corr_rel_l2_t005_std": 0.17648344644361463,
    "bridge_field_rel_l2_t005_mean": 0.05114086437929784,
    "bridge_field_rel_l2_t005_std": 0.027443129296294964,
    "clear_field_rel_l2_mean": 0.01310842867006809,
    "clear_field_rel_l2_std": 0.015552562052561485
  }
}