{
  "config": {
    "corpus": "hard",
    "fwd_epochs": 200,
    "amort_epochs": 200,
    "inv_steps": 400,
    "inv_lr": 0.05,
    "ensemble": 5,
    "seed": 1337,
    "device": "cuda",
    "identifiability": true
  },
  "forward_train_s": 80.95180728612468,
  "variants": {
    "opt_none": {
      "logk_rel_l2_mean": 1.3805550271645188,
      "logk_rel_l2_std": 0.6908480178266406,
      "data_fit_mean": 0.018398835527477786,
      "data_fit_std": 0.0033219280761682766,
      "u_rec_mean": 0.3358228639172599,
      "u_rec_std": 0.0710299244730688,
      "u_true_mean": 0.37211691634729505,
      "u_true_std": 0.08337320719938224,
      "bridge_precision_mean": 0.24005026214362268,
      "bridge_precision_std": 0.28702047729131547,
      "bridge_recall_mean": 0.6889146424791543,
      "bridge_recall_std": 0.32786126542366273,
      "bridge_iou_mean": 0.11200867218443428,
      "bridge_iou_std": 0.13655704766304677,
      "bridge_frac_true_mean": 0.10234832763671875,
      "bridge_frac_true_std": 0.1203542515278014,
      "bridge_frac_pred_mean": 0.3579254150390625,
      "bridge_frac_pred_std": 0.186607181638353,
      "u_mae": 0.03864087755109574
    },
    "opt_sparse": {
      "logk_rel_l2_mean": 1.2231880920007825,
      "logk_rel_l2_std": 0.6454764139118996,
      "data_fit_mean": 0.019408322288654745,
      "data_fit_std": 0.0034357920732342893,
      "u_rec_mean": 0.3401305346161892,
      "u_rec_std": 0.07196496281408044,
      "u_true_mean": 0.37211691634729505,
      "u_true_std": 0.08337320719938224,
      "bridge_precision_mean": 0.25643345446690463,
      "bridge_precision_std": 0.30357964140344473,
      "bridge_recall_mean": 0.6603909690577663,
      "bridge_recall_std": 0.3534747677327357,
      "bridge_iou_mean": 0.0988011032077016,
      "bridge_iou_std": 0.11525343096246944,
      "bridge_frac_true_mean": 0.10234832763671875,
      "bridge_frac_true_std": 0.1203542515278014,
      "bridge_frac_pred_mean": 0.27362060546875,
      "bridge_frac_pred_std": 0.14021405468623196,
      "u_mae": 0.03848758776851344
    },
    "opt_smooth": {
      "logk_rel_l2_mean": 1.3124345056712627,
      "logk_rel_l2_std": 0.6965568712930187,
      "data_fit_mean": 0.018514182709623128,
      "data_fit_std": 0.0032699268713576694,
      "u_rec_mean": 0.33715748645135146,
      "u_rec_std": 0.07370290806973791,
      "u_true_mean": 0.37211691634729505,
      "u_true_std": 0.08337320719938224,
      "bridge_precision_mean": 0.26132962850675084,
      "bridge_precision_std": 0.31734891786754527,
      "bridge_recall_mean": 0.6982091667333779,
      "bridge_recall_std": 0.32780201626908895,
      "bridge_iou_mean": 0.11974560312094262,
      "bridge_iou_std": 0.14796413281742984,
      "bridge_frac_true_mean": 0.10234832763671875,
      "bridge_frac_true_std": 0.1203542515278014,
      "bridge_frac_pred_mean": 0.359619140625,
      "bridge_frac_pred_std": 0.1971285882235008,
      "u_mae": 0.037699422150221054
    },
    "opt_sparse_smooth": {
      "logk_rel_l2_mean": 1.2058055372908711,
      "logk_rel_l2_std": 0.6589535728820525,
      "data_fit_mean": 0.01910905065597035,
      "data_fit_std": 0.003363914025743469,
      "u_rec_mean": 0.3394969722287877,
      "u_rec_std": 0.07301904973190813,
      "u_true_mean": 0.37211691634729505,
      "u_true_std": 0.08337320719938224,
      "bridge_precision_mean": 0.25971257213180204,
      "bridge_precision_std": 0.3077052935518555,
      "bridge_recall_mean": 0.6526810749007868,
      "bridge_recall_std": 0.34981045354635,
      "bridge_iou_mean": 0.09856069859789696,
      "bridge_iou_std": 0.11478830705538257,
      "bridge_frac_true_mean": 0.10234832763671875,
      "bridge_frac_true_std": 0.1203542515278014,
      "bridge_frac_pred_mean": 0.27338409423828125,
      "bridge_frac_pred_std": 0.14408673070218345,
      "u_mae": 0.04063144624791386
    },
    "amortized": {
      "logk_rel_l2_mean": 0.2036358406767249,
      "logk_rel_l2_std": 0.056714814848502236,
      "data_fit_mean": 0.023852454003645107,
      "data_fit_std": 0.006500905317433317,
      "u_rec_mean": 0.32345062524664786,
      "u_rec_std": 0.06275646477452958,
      "u_true_mean": 0.37211691634729505,
      "u_true_std": 0.08337320719938224,
      "bridge_precision_mean": 0.5946641426585686,
      "bridge_precision_std": 0.33156068442874975,
      "bridge_recall_mean": 0.7078178377430231,
      "bridge_recall_std": 0.26294929288292174,
      "bridge_iou_mean": 0.5128297485538591,
      "bridge_iou_std": 0.33994238827401313,
      "bridge_frac_true_mean": 0.10234832763671875,
      "bridge_frac_true_std": 0.1203542515278014,
      "bridge_frac_pred_mean": 0.10555267333984375,
      "bridge_frac_pred_std": 0.12366898429946382,
      "u_mae": 0.05767941431785918
    },
    "hybrid": {
      "logk_rel_l2_mean": 0.5543065499514341,
      "logk_rel_l2_std": 0.2089080479261067,
      "data_fit_mean": 0.013070196378976107,
      "data_fit_std": 0.006490494245432365,
      "u_rec_mean": 0.336292859754144,
      "u_rec_std": 0.07208696171453914,
      "u_true_mean": 0.37211691634729505,
      "u_true_std": 0.08337320719938224,
      "bridge_precision_mean": 0.2992024601451877,
      "bridge_precision_std": 0.29878015459618235,
      "bridge_recall_mean": 0.6512888214044275,
      "bridge_recall_std": 0.35681188078670556,
      "bridge_iou_mean": 0.12800161983163205,
      "bridge_iou_std": 0.10136505778900311,
      "bridge_frac_true_mean": 0.10234832763671875,
      "bridge_frac_true_std": 0.1203542515278014,
      "bridge_frac_pred_mean": 0.0648956298828125,
      "bridge_frac_pred_std": 0.04199571095699227,
      "u_mae": 0.03756095101341607
    },
    "opt_sparse_smooth_ens": {
      "logk_rel_l2_mean": 1.1596795776858926,
      "logk_rel_l2_std": 0.6517255002190588,
      "data_fit_mean": 0.022332260967232287,
      "data_fit_std": 0.004533755488463936,
      "u_rec_mean": 0.33310487501410524,
      "u_rec_std": 0.06651774357573556,
      "u_true_mean": 0.37211691634729505,
      "u_true_std": 0.08337320719938224,
      "bridge_precision_mean": 0.26356241406852177,
      "bridge_precision_std": 0.31082387626664415,
      "bridge_recall_mean": 0.6708073762063962,
      "bridge_recall_std": 0.3566460432552428,
      "bridge_iou_mean": 0.10137555485355346,
      "bridge_iou_std": 0.11819539743609622,
      "bridge_frac_true_mean": 0.10234832763671875,
      "bridge_frac_true_std": 0.1203542515278014,
      "bridge_frac_pred_mean": 0.27225494384765625,
      "bridge_frac_pred_std": 0.1405128867799617,
      "u_mae": 0.0476991487420189
    }
  },
  "uq": {
    "uq_cov_1sigma_mean": 0.38056182861328125,
    "uq_cov_1sigma_std": 0.15085463016075867,
    "uq_cov_2sigma_mean": 0.5330581665039062,
    "uq_cov_2sigma_std": 0.1831225461943433,
    "uq_err_std_corr_mean": 0.3064797976985574,
    "uq_err_std_corr_std": 0.10242591078898022
  },
  "identifiability": {
    "u_bands": {
      "u_mae_b0.04": 0.044338271000476916,
      "u_mape_b0.04": 11.37335422496723,
      "u_mae_b0.08": 0.048129106734805784,
      "u_mape_b0.08": 12.14108933201397,
      "u_mae_b0.16": 0.05286836503864484,
      "u_mape_b0.16": 13.528753274918854
    },
    "bridge_focused": {
      "correction_rel_l2_mean": 0.46526974711053903,
      "correction_rel_l2_std": 0.17065298616280877,
      "correction_r2_mean": 0.748617948829187,
      "correction_r2_std": 0.20809905657430905,
      "correction_corr_mean": 0.9009830747601152,
      "correction_corr_std": 0.049639315049139696,
      "true_correction_rms_mean": 0.03853229990498709,
      "true_correction_rms_std": 0.017558176147584394,
      "true_correction_max_mean": 0.38227104721590877,
      "true_correction_max_std": 0.1031596959340944,
      "bridge_frac_t001_mean": 0.46588134765625,
      "bridge_frac_t001_std": 0.3450160931465314,
      "bridge_corr_rel_l2_t001_mean": 0.35897338047285954,
      "bridge_corr_rel_l2_t001_std": 0.09822114755651916,
      "bridge_field_rel_l2_t001_mean": 0.03627507779779521,