{
  "config": {
    "corpus": "box",
    "fwd_epochs": 200,
    "amort_epochs": 200,
    "inv_steps": 400,
    "inv_lr": 0.05,
    "ensemble": 5,
    "seed": 1337,
    "device": "cuda",
    "identifiability": true
  },
  "forward_train_s": 75.2542550531216,
  "variants": {
    "opt_none": {
      "logk_rel_l2_mean": 0.7234073542058468,
      "logk_rel_l2_std": 0.3550550829631586,
      "data_fit_mean": 0.009033951007040741,
      "data_fit_std": 0.0047325780275721116,
      "u_rec_mean": 0.30467487455191555,
      "u_rec_std": 0.08351739093338455,
      "u_true_mean": 0.340573419816792,
      "u_true_std": 0.12031386308950878,
      "bridge_precision_mean": 0.19673969094975796,
      "bridge_precision_std": 0.1842426844611829,
      "bridge_recall_mean": 0.40235950134119897,
      "bridge_recall_std": 0.358536767270421,
      "bridge_iou_mean": 0.06288475914977185,
      "bridge_iou_std": 0.05496405270592043,
      "bridge_frac_true_mean": 0.133544921875,
      "bridge_frac_true_std": 0.12157075515606666,
      "bridge_frac_pred_mean": 0.16156005859375,
      "bridge_frac_pred_std": 0.1328293144577576,
      "u_mae": 0.035909641786630433
    },
    "opt_sparse": {
      "logk_rel_l2_mean": 0.612373286858201,
      "logk_rel_l2_std": 0.31167605646109253,
      "data_fit_mean": 0.009313482183188171,
      "data_fit_std": 0.004956013357533085,
      "u_rec_mean": 0.3059958925869808,
      "u_rec_std": 0.08328384879023959,
      "u_true_mean": 0.340573419816792,
      "u_true_std": 0.12031386308950878,
      "bridge_precision_mean": 0.26230523335989747,
      "bridge_precision_std": 0.2195543280513102,
      "bridge_recall_mean": 0.3809172037239929,
      "bridge_recall_std": 0.37758669549868695,
      "bridge_iou_mean": 0.0605362200234514,
      "bridge_iou_std": 0.03883057567279709,
      "bridge_frac_true_mean": 0.133544921875,
      "bridge_frac_true_std": 0.12157075515606666,
      "bridge_frac_pred_mean": 0.0722198486328125,
      "bridge_frac_pred_std": 0.04788772763655823,
      "u_mae": 0.03481810263887648
    },
    "opt_smooth": {
      "logk_rel_l2_mean": 0.6231090817600489,
      "logk_rel_l2_std": 0.31982119769601713,
      "data_fit_mean": 0.009652096599893412,
      "data_fit_std": 0.005220168088638692,
      "u_rec_mean": 0.30502927867420554,
      "u_rec_std": 0.08119721044724997,
      "u_true_mean": 0.340573419816792,
      "u_true_std": 0.12031386308950878,
      "bridge_precision_mean": 0.2618280209249742,
      "bridge_precision_std": 0.23796833875362336,
      "bridge_recall_mean": 0.3936108540131549,
      "bridge_recall_std": 0.384693672543647,
      "bridge_iou_mean": 0.057070293911593094,
      "bridge_iou_std": 0.057852847701389785,
      "bridge_frac_true_mean": 0.133544921875,
      "bridge_frac_true_std": 0.12157075515606666,
      "bridge_frac_pred_mean": 0.145263671875,
      "bridge_frac_pred_std": 0.15820670418163812,
      "u_mae": 0.03571732176239359
    },
    "opt_sparse_smooth": {
      "logk_rel_l2_mean": 0.5473871724680066,
      "logk_rel_l2_std": 0.26529559446433454,
      "data_fit_mean": 0.009631896459723066,
      "data_fit_std": 0.005149655534417559,
      "u_rec_mean": 0.30665017738276745,
      "u_rec_std": 0.08376112380294516,
      "u_true_mean": 0.340573419816792,
      "u_true_std": 0.12031386308950878,
      "bridge_precision_mean": 0.2795808843446382,
      "bridge_precision_std": 0.23372812046331728,
      "bridge_recall_mean": 0.38080894169079266,
      "bridge_recall_std": 0.40328767239769625,
      "bridge_iou_mean": 0.05662494153523547,
      "bridge_iou_std": 0.03406589810440917,
      "bridge_frac_true_mean": 0.133544921875,
      "bridge_frac_true_std": 0.12157075515606666,
      "bridge_frac_pred_mean": 0.054290771484375,
      "bridge_frac_pred_std": 0.03793823505346246,
      "u_mae": 0.03400213662433053
    },
    "amortized": {
      "logk_rel_l2_mean": 0.19639357784762979,
      "logk_rel_l2_std": 0.09098836110433951,
      "data_fit_mean": 0.018982951407451765,
      "data_fit_std": 0.013154382113861524,
      "u_rec_mean": 0.27564834696113655,
      "u_rec_std": 0.048099305225543634,
      "u_true_mean": 0.340573419816792,
      "u_true_std": 0.12031386308950878,
      "bridge_precision_mean": 0.6200320948526634,
      "bridge_precision_std": 0.4089448367936629,
      "bridge_recall_mean": 0.7442497130835974,
      "bridge_recall_std": 0.3045757283655046,
      "bridge_iou_mean": 0.5547576684508955,
      "bridge_iou_std": 0.3929249317920355,
      "bridge_frac_true_mean": 0.133544921875,
      "bridge_frac_true_std": 0.12157075515606666,
      "bridge_frac_pred_mean": 0.1312408447265625,
      "bridge_frac_pred_std": 0.11838911925227158,
      "u_mae": 0.06494125237077794
    },
    "hybrid": {
      "logk_rel_l2_mean": 0.5082678599283099,
      "logk_rel_l2_std": 0.24729261852240073,
      "data_fit_mean": 0.009462478907153127,
      "data_fit_std": 0.004756063966836699,
      "u_rec_mean": 0.30422101305308136,
      "u_rec_std": 0.08003204083890764,
      "u_true_mean": 0.340573419816792,
      "u_true_std": 0.12031386308950878,
      "bridge_precision_mean": 0.2925447845277537,
      "bridge_precision_std": 0.2542219962638629,
      "bridge_recall_mean": 0.31267452950476177,
      "bridge_recall_std": 0.35131461661459856,
      "bridge_iou_mean": 0.05789700810121629,
      "bridge_iou_std": 0.04053018386563753,
      "bridge_frac_true_mean": 0.133544921875,
      "bridge_frac_true_std": 0.12157075515606666,
      "bridge_frac_pred_mean": 0.05889892578125,
      "bridge_frac_pred_std": 0.04287583970062269,
      "u_mae": 0.03644424325060784
    },
    "opt_sparse_smooth_ens": {
      "logk_rel_l2_mean": 0.46291656186804175,
      "logk_rel_l2_std": 0.1845734624555615,
      "data_fit_mean": 0.01350913603164372,
      "data_fit_std": 0.009368496739578123,
      "u_rec_mean": 0.28696376397058065,
      "u_rec_std": 0.05819214090999476,
      "u_true_mean": 0.340573419816792,
      "u_true_std": 0.12031386308950878,
      "bridge_precision_mean": 0.23779502460271643,
      "bridge_precision_std": 0.20290035955604402,
      "bridge_recall_mean": 0.3531468597119086,
      "bridge_recall_std": 0.3990028823887533,
      "bridge_iou_mean": 0.04519969642859229,
      "bridge_iou_std": 0.028773188197748992,
      "bridge_frac_true_mean": 0.133544921875,
      "bridge_frac_true_std": 0.12157075515606666,
      "bridge_frac_pred_mean": 0.0552978515625,
      "bridge_frac_pred_std": 0.053227695611482585,
      "u_mae": 0.053635371693291925
    }
  },
  "uq": {
    "uq_cov_1sigma_mean": 0.5838623046875,
    "uq_cov_1sigma_std": 0.06266262830579959,
    "uq_cov_2sigma_mean": 0.7347412109375,
    "uq_cov_2sigma_std": 0.03700079844876252,
    "uq_err_std_corr_mean": 0.36955570289865136,
    "uq_err_std_corr_std": 0.08172676519307279
  },
  "identifiability": {
    "u_bands": {
      "u_mae_b0.04": 0.05526769728286397,
      "u_mape_b0.04": 12.259656330545315,
      "u_mae_b0.08": 0.05527219707445796,
      "u_mape_b0.08": 12.426597251249866,
      "u_mae_b0.16": 0.05898763535719252,
      "u_mape_b0.16": 13.574256385676712
    },
    "bridge_focused": {
      "correction_rel_l2_mean": 137157.47016814366,
      "correction_rel_l2_std": 427827.3834571337,
      "correction_r2_mean": -2017.694315564074,
      "correction_r2_std": 6354.662616192559,
      "correction_corr_mean": 0.7944711099392167,
      "correction_corr_std": 0.2999818308908058,
      "true_correction_rms_mean": 0.027017363072387522,
      "true_correction_rms_std": 0.026326528195292846,
      "true_correction_max_mean": 0.22798339510336518,
      "true_correction_max_std": 0.16533586607949416,
      "bridge_frac_t001_mean": 0.3380126953125,
      "bridge_frac_t001_std": 0.35287888229320885,
      "bridge_corr_rel_l2_t001_mean": 0.4104134363547461,
      "bridge_corr_rel_l2_t001_std": 0.1711867728376852,
      "bridge_field_rel_l2_t001_mean": 0.029017697794072574,
      "bridge_field_rel_l2_t001_std": 0.0127520792135628,