{
  "config": {
    "corpus": "realcg_lod3",
    "fwd_epochs": 200,
    "amort_epochs": 200,
    "inv_steps": 400,
    "inv_lr": 0.05,
    "ensemble": 5,
    "seed": 1337,
    "device": "cuda",
    "identifiability": true
  },
  "forward_train_s": 100.2077225917019,
  "variants": {
    "opt_none": {
      "logk_rel_l2_mean": 1.2764546950658162,
      "logk_rel_l2_std": 0.10219718965662918,
      "data_fit_mean": 0.01293331158036987,
      "data_fit_std": 0.006252018631859899,
      "u_rec_mean": 0.2867340701907269,
      "u_rec_std": 0.010842796319544261,
      "u_true_mean": 0.28517993887265525,
      "u_true_std": 0.010377808017613012,
      "bridge_precision_mean": 0.12815007308428203,
      "bridge_precision_std": 0.026143253256776387,
      "bridge_recall_mean": 0.12740394304084,
      "bridge_recall_std": 0.03658052329155483,
      "bridge_iou_mean": 0.06682117354923346,
      "bridge_iou_std": 0.014477967804817294,
      "bridge_frac_true_mean": 0.17857238973180453,
      "bridge_frac_true_std": 0.050440515998056566,
      "bridge_frac_pred_mean": 0.1670882821083069,
      "bridge_frac_pred_std": 0.019498077298189708,
      "u_mae": 0.0016363496790458103
    },
    "opt_sparse": {
      "logk_rel_l2_mean": 1.1833782593409221,
      "logk_rel_l2_std": 0.08028512380172474,
      "data_fit_mean": 0.01310925545791785,
      "data_fit_std": 0.006285066556733561,
      "u_rec_mean": 0.28688968474775345,
      "u_rec_std": 0.011086603633508052,
      "u_true_mean": 0.28517993887265525,
      "u_true_std": 0.010377808017613012,
      "bridge_precision_mean": 0.11801101268142063,
      "bridge_precision_std": 0.018527381738317878,
      "bridge_recall_mean": 0.09770348848893164,
      "bridge_recall_std": 0.03341214593448623,
      "bridge_iou_mean": 0.055153565814096986,
      "bridge_iou_std": 0.013746304591095796,
      "bridge_frac_true_mean": 0.17857238973180453,
      "bridge_frac_true_std": 0.050440515998056566,
      "bridge_frac_pred_mean": 0.13519254848361015,
      "bridge_frac_pred_std": 0.015732337202010737,
      "u_mae": 0.0018024964141579892
    },
    "opt_smooth": {
      "logk_rel_l2_mean": 1.1456327398618062,
      "logk_rel_l2_std": 0.09936960492890258,
      "data_fit_mean": 0.013006181052575509,
      "data_fit_std": 0.006366253243276122,
      "u_rec_mean": 0.2874181348207194,
      "u_rec_std": 0.011259308592144338,
      "u_true_mean": 0.28517993887265525,
      "u_true_std": 0.010377808017613012,
      "bridge_precision_mean": 0.1353751053770087,
      "bridge_precision_std": 0.03274991419567341,
      "bridge_recall_mean": 0.09551740688242215,
      "bridge_recall_std": 0.039610391358723344,
      "bridge_iou_mean": 0.05630070730984367,
      "bridge_iou_std": 0.01621558573607388,
      "bridge_frac_true_mean": 0.17857238973180453,
      "bridge_frac_true_std": 0.050440515998056566,
      "bridge_frac_pred_mean": 0.11801043053468069,
      "bridge_frac_pred_std": 0.030281292248908097,
      "u_mae": 0.002238195948064118
    },
    "opt_sparse_smooth": {
      "logk_rel_l2_mean": 1.1130619684855143,
      "logk_rel_l2_std": 0.06813123080703823,
      "data_fit_mean": 0.013643091187501948,
      "data_fit_std": 0.0062947086294026814,
      "u_rec_mean": 0.28713255907980906,
      "u_rec_std": 0.011357351159230618,
      "u_true_mean": 0.28517993887265525,
      "u_true_std": 0.010377808017613012,
      "bridge_precision_mean": 0.11951588873142012,
      "bridge_precision_std": 0.027439367825337353,
      "bridge_recall_mean": 0.07627596569501376,
      "bridge_recall_std": 0.03418030954242918,
      "bridge_iou_mean": 0.04749802599216134,
      "bridge_iou_std": 0.0169518280917903,
      "bridge_frac_true_mean": 0.17857238973180453,
      "bridge_frac_true_std": 0.050440515998056566,
      "bridge_frac_pred_mean": 0.10084648927052815,
      "bridge_frac_pred_std": 0.01682455456396023,
      "u_mae": 0.0020020747239148096
    },
    "amortized": {
      "logk_rel_l2_mean": 0.6014945646127065,
      "logk_rel_l2_std": 0.06015559972202285,
      "data_fit_mean": 0.021261041052639484,
      "data_fit_std": 0.009290741498050549,
      "u_rec_mean": 0.2875387867104166,
      "u_rec_std": 0.010950602930843654,
      "u_true_mean": 0.28517993887265525,
      "u_true_std": 0.010377808017613012,
      "bridge_precision_mean": 0.8661459438613204,
      "bridge_precision_std": 0.047081143713305074,
      "bridge_recall_mean": 0.3399464576918018,
      "bridge_recall_std": 0.10834755355134353,
      "bridge_iou_mean": 0.32289158834139936,
      "bridge_iou_std": 0.10132731639321467,
      "bridge_frac_true_mean": 0.17857238973180453,
      "bridge_frac_true_std": 0.050440515998056566,
      "bridge_frac_pred_mean": 0.07012027632445098,
      "bridge_frac_pred_std": 0.03307213658022781,
      "u_mae": 0.0023588478377613593
    },
    "hybrid": {
      "logk_rel_l2_mean": 0.9288695673147838,
      "logk_rel_l2_std": 0.043235505280511025,
      "data_fit_mean": 0.014849955899020035,
      "data_fit_std": 0.006849682793826492,
      "u_rec_mean": 0.28816189683334803,
      "u_rec_std": 0.011533640907831086,
      "u_true_mean": 0.28517993887265525,
      "u_true_std": 0.010377808017613012,
      "bridge_precision_mean": 0.26595783148571767,
      "bridge_precision_std": 0.07360273306221238,
      "bridge_recall_mean": 0.0938134840142331,
      "bridge_recall_std": 0.03572661626153121,
      "bridge_iou_mean": 0.07223900084909914,
      "bridge_iou_std": 0.022146669093978416,
      "bridge_frac_true_mean": 0.17857238973180453,
      "bridge_frac_true_std": 0.050440515998056566,
      "bridge_frac_pred_mean": 0.05920348304013411,
      "bridge_frac_pred_std": 0.010763475603784456,
      "u_mae": 0.0029819579606928325
    },
    "opt_sparse_smooth_ens": {
      "logk_rel_l2_mean": 1.0477052410443624,
      "logk_rel_l2_std": 0.04753829648789055,
      "data_fit_mean": 0.016528640392546853,
      "data_fit_std": 0.007734062030614145,
      "u_rec_mean": 0.2863174689309241,
      "u_rec_std": 0.010988566625436859,
      "u_true_mean": 0.28517993887265525,
      "u_true_std": 0.010377808017613012,
      "bridge_precision_mean": 0.13647090481383684,
      "bridge_precision_std": 0.04057018475492984,
      "bridge_recall_mean": 0.05234620222563543,
      "bridge_recall_std": 0.028420833767118653,
      "bridge_iou_mean": 0.0386527806940677,
      "bridge_iou_std": 0.01901186688340498,
      "bridge_frac_true_mean": 0.17857238973180453,
      "bridge_frac_true_std": 0.050440515998056566,
      "bridge_frac_pred_mean": 0.059053695450226464,
      "bridge_frac_pred_std": 0.014025037506131474,
      "u_mae": 0.0013255855677532199
    }
  },
  "uq": {
    "uq_cov_1sigma_mean": 0.1600283866127332,
    "uq_cov_1sigma_std": 0.02375775042839054,
    "uq_cov_2sigma_mean": 0.32489250401655834,
    "uq_cov_2sigma_std": 0.03359214198276186,
    "uq_err_std_corr_mean": 0.25549248022337756,
    "uq_err_std_corr_std": 0.07298444285259412
  },
  "identifiability": {
    "u_bands": {
      "u_mae_b0.04": 0.0016714484145911794,
      "u_mape_b0.04": 0.576433215828995,
      "u_mae_b0.08": 0.0014603420513151148,
      "u_mape_b0.08": 0.5046074135993251,
      "u_mae_b0.16": 0.0011684707893189169,
      "u_mape_b0.16": 0.40313449626776354
    },
    "bridge_focused": {
      "correction_rel_l2_mean": 0.7774075577529678,
      "correction_rel_l2_std": 0.04315962070726224,
      "correction_r2_mean": 0.38034257102016444,
      "correction_r2_std": 0.0672034824717873,
      "correction_corr_mean": 0.6328011761503671,
      "correction_corr_std": 0.054124204983232546,
      "true_correction_rms_mean": 0.015416660839630319,
      "true_correction_rms_std": 0.007724149898436369,
      "true_correction_max_mean": 0.2247313032547633,
      "true_correction_max_std": 0.07225456011743195,
      "bridge_frac_t001_mean": 0.11496666124283954,
      "bridge_frac_t001_std": 0.08229993581796362,
      "bridge_corr_rel_l2_t001_mean": 0.6987080984628755,