{
  "config": {
    "corpus": "realcg",
    "fwd_epochs": 200,
    "amort_epochs": 200,
    "inv_steps": 400,
    "inv_lr": 0.05,
    "ensemble": 5,
    "seed": 1337,
    "device": "cuda",
    "identifiability": true
  },
  "forward_train_s": 108.00426577683538,
  "variants": {
    "opt_none": {
      "logk_rel_l2_mean": 1.2303741489137923,
      "logk_rel_l2_std": 0.09516857575757971,
      "data_fit_mean": 0.008081858791410924,
      "data_fit_std": 0.003876802737421016,
      "u_rec_mean": 0.2854881025630339,
      "u_rec_std": 0.0032472367623923174,
      "u_true_mean": 0.2838553156171526,
      "u_true_std": 0.001743258212933888,
      "bridge_precision_mean": 0.17857423767729189,
      "bridge_precision_std": 0.03992979303369875,
      "bridge_recall_mean": 0.2622461039601604,
      "bridge_recall_std": 0.028674708142175123,
      "bridge_iou_mean": 0.11745667217671753,
      "bridge_iou_std": 0.019383903526320724,
      "bridge_frac_true_mean": 0.16710064240864345,
      "bridge_frac_true_std": 0.0371092894764983,
      "bridge_frac_pred_mean": 0.24549704492092134,
      "bridge_frac_pred_std": 0.023015370663708606,
      "u_mae": 0.001705976340322051
    },
    "opt_sparse": {
      "logk_rel_l2_mean": 1.125528243609837,
      "logk_rel_l2_std": 0.08053196750486694,
      "data_fit_mean": 0.008219034976458975,
      "data_fit_std": 0.0038389223009543585,
      "u_rec_mean": 0.2854516254525329,
      "u_rec_std": 0.003016616494160487,
      "u_true_mean": 0.2838553156171526,
      "u_true_std": 0.001743258212933888,
      "bridge_precision_mean": 0.16648098635045255,
      "bridge_precision_std": 0.0378242336900462,
      "bridge_recall_mean": 0.17966001159883793,
      "bridge_recall_std": 0.03456815540879494,
      "bridge_iou_mean": 0.09232153212618163,
      "bridge_iou_std": 0.01419729466202908,
      "bridge_frac_true_mean": 0.16710064240864345,
      "bridge_frac_true_std": 0.0371092894764983,
      "bridge_frac_pred_mean": 0.17934481501579286,
      "bridge_frac_pred_std": 0.025252144263165844,
      "u_mae": 0.0016868177281251545
    },
    "opt_smooth": {
      "logk_rel_l2_mean": 1.170731714793614,
      "logk_rel_l2_std": 0.06855733562877776,
      "data_fit_mean": 0.008384482748806477,
      "data_fit_std": 0.003831451798517551,
      "u_rec_mean": 0.2854324467652149,
      "u_rec_std": 0.003342923098192782,
      "u_true_mean": 0.2838553156171526,
      "u_true_std": 0.001743258212933888,
      "bridge_precision_mean": 0.13479692516749303,
      "bridge_precision_std": 0.027419438900091183,
      "bridge_recall_mean": 0.22374550940422178,
      "bridge_recall_std": 0.050491279651909166,
      "bridge_iou_mean": 0.09002177597486342,
      "bridge_iou_std": 0.014798185771809245,
      "bridge_frac_true_mean": 0.16710064240864345,
      "bridge_frac_true_std": 0.0371092894764983,
      "bridge_frac_pred_mean": 0.2754126467875072,
      "bridge_frac_pred_std": 0.05835949124576644,
      "u_mae": 0.0016636216596057154
    },
    "opt_sparse_smooth": {
      "logk_rel_l2_mean": 1.0932761771338326,
      "logk_rel_l2_std": 0.06897457546267723,
      "data_fit_mean": 0.00879115403097655,
      "data_fit_std": 0.0038454552773127437,
      "u_rec_mean": 0.28533680653960425,
      "u_rec_std": 0.0033388095717591473,
      "u_true_mean": 0.2838553156171526,
      "u_true_std": 0.001743258212933888,
      "bridge_precision_mean": 0.1548053055111408,
      "bridge_precision_std": 0.02967496556372424,
      "bridge_recall_mean": 0.14874302811397508,
      "bridge_recall_std": 0.04412595003871322,
      "bridge_iou_mean": 0.07960347386461321,
      "bridge_iou_std": 0.01462509370829616,
      "bridge_frac_true_mean": 0.16710064240864345,
      "bridge_frac_true_std": 0.0371092894764983,
      "bridge_frac_pred_mean": 0.15569599270820617,
      "bridge_frac_pred_std": 0.027050272085911153,
      "u_mae": 0.0016200697221216056
    },
    "amortized": {
      "logk_rel_l2_mean": 0.5441487533705575,
      "logk_rel_l2_std": 0.06657642751532122,
      "data_fit_mean": 0.016239641101232598,
      "data_fit_std": 0.00635629393873299,
      "u_rec_mean": 0.28638532726191407,
      "u_rec_std": 0.002700799784027524,
      "u_true_mean": 0.2838553156171526,
      "u_true_std": 0.001743258212933888,
      "bridge_precision_mean": 0.9154573972086583,
      "bridge_precision_std": 0.02828811073525899,
      "bridge_recall_mean": 0.4582771712567137,
      "bridge_recall_std": 0.0720796918039803,
      "bridge_iou_mean": 0.4400418033546131,
      "bridge_iou_std": 0.06940349878440606,
      "bridge_frac_true_mean": 0.16710064240864345,
      "bridge_frac_true_std": 0.0371092894764983,
      "bridge_frac_pred_mean": 0.0840603263250419,
      "bridge_frac_pred_std": 0.02447184856524132,
      "u_mae": 0.002593553870447542
    },
    "hybrid": {
      "logk_rel_l2_mean": 0.9697912999561855,
      "logk_rel_l2_std": 0.01882964926160966,
      "data_fit_mean": 0.009621961787343026,
      "data_fit_std": 0.004494735927919228,
      "u_rec_mean": 0.2857277075527839,
      "u_rec_std": 0.0033353584741913885,
      "u_true_mean": 0.2838553156171526,
      "u_true_std": 0.001743258212933888,
      "bridge_precision_mean": 0.20753181555290168,
      "bridge_precision_std": 0.037729153744806045,
      "bridge_recall_mean": 0.14977132396752468,
      "bridge_recall_std": 0.07495426759017647,
      "bridge_iou_mean": 0.09231265200849507,
      "bridge_iou_std": 0.03188631078777279,
      "bridge_frac_true_mean": 0.16710064240864345,
      "bridge_frac_true_std": 0.0371092894764983,
      "bridge_frac_pred_mean": 0.10991356372833253,
      "bridge_frac_pred_std": 0.017857441869423993,
      "u_mae": 0.00193514685976708
    },
    "opt_sparse_smooth_ens": {
      "logk_rel_l2_mean": 1.0162028976849147,
      "logk_rel_l2_std": 0.046782537103441435,
      "data_fit_mean": 0.012187983481479543,
      "data_fit_std": 0.004667777833987112,
      "u_rec_mean": 0.285922881571257,
      "u_rec_std": 0.003645841701565516,
      "u_true_mean": 0.2838553156171526,
      "u_true_std": 0.001743258212933888,
      "bridge_precision_mean": 0.14309342259230312,
      "bridge_precision_std": 0.04460539807305431,
      "bridge_recall_mean": 0.097223298021756,
      "bridge_recall_std": 0.06056008313709699,
      "bridge_iou_mean": 0.05899882000103845,
      "bridge_iou_std": 0.02799235620863881,
      "bridge_frac_true_mean": 0.16710064240864345,
      "bridge_frac_true_std": 0.0371092894764983,
      "bridge_frac_pred_mean": 0.10099149027041027,
      "bridge_frac_pred_std": 0.027796206961333704,
      "u_mae": 0.002370642145827427
    }
  },
  "uq": {
    "uq_cov_1sigma_mean": 0.3370501288345882,
    "uq_cov_1sigma_std": 0.037624684221144365,
    "uq_cov_2sigma_mean": 0.47702392339706423,
    "uq_cov_2sigma_std": 0.04988790033111352,
    "uq_err_std_corr_mean": 0.1359519817999431,
    "uq_err_std_corr_std": 0.055665115591262415
  },
  "identifiability": {
    "u_bands": {
      "u_mae_b0.04": 0.004754105879004822,
      "u_mape_b0.04": 1.6703612462173067,
      "u_mae_b0.08": 0.0023958353929712985,
      "u_mape_b0.08": 0.8409739139917096,
      "u_mae_b0.16": 0.0015661755312329274,
      "u_mape_b0.16": 0.5492508937265262
    },
    "bridge_focused": {
      "correction_rel_l2_mean": 0.8834311270340213,
      "correction_rel_l2_std": 0.15562931175603664,
      "correction_r2_mean": 0.18172646021727693,
      "correction_r2_std": 0.2672185704019575,
      "correction_corr_mean": 0.5663688040025727,
      "correction_corr_std": 0.11552284781169156,
      "true_correction_rms_mean": 0.011033110675753983,
      "true_correction_rms_std": 0.006468479286684826,
      "true_correction_max_mean": 0.1774015256336757,
      "true_correction_max_std": 0.055117350572632076,
      "bridge_frac_t001_mean": 0.08505629242561168,
      "bridge_frac_t001_std": 0.079443748719418,
      "bridge_corr_rel_l2_t001_mean": 0.6312017586414247,
      "bridge_corr_rel_l2_t001_std": 0.0741604297438044,