{
  "datasets_evaluated": [
    "synthetic-box",
    "synthetic-irregular",
    "synthetic-hard",
    "real-CityGML"
  ],
  "models": [
    "delta_transolver",
    "transolver",
    "delta_gino",
    "gino",
    "fno_voxel",
    "prior_only"
  ],
  "metrics": [
    "field_rel_l2",
    "u_mae",
    "bridge_correction_rel_l2",
    "bridge_bridge_corr_rel_l2_t002",
    "bridge_correction_r2",
    "infer_ms_per_sample"
  ],
  "matrix": {
    "field_rel_l2": {
      "synthetic-box": {
        "delta_transolver": null,
        "transolver": null,
        "delta_gino": [
          0.02547098504222352,
          0.00023090837436577798
        ],
        "gino": [
          0.02431449370730358,
          0.0002674542437723917
        ],
        "fno_voxel": [
          0.01964584540595145,
          5.6033015941122686e-05
        ],
        "prior_only": [
          0.03769139913492836,
          0.0
        ]
      },
      "synthetic-irregular": {
        "delta_transolver": [
          0.04443185242901867,
          0.0009372263280939634
        ],
        "transolver": [
          0.10677074415919681,
          0.017142037700165334
        ],
        "delta_gino": [
          0.06358608964364976,
          0.001533208768646608
        ],
        "gino": [
          0.16683264957585683,
          0.004586283291230548
        ],
        "fno_voxel": [
          0.060300645612490676,
          0.0013813059149305265
        ],
        "prior_only": [
          0.09581957687623799,
          0.0
        ]
      },
      "synthetic-hard": {
        "delta_transolver": [
          0.028976499122412253,
          7.241156244071279e-05
        ],
        "transolver": [
          0.036849949217867106,
          7.377209089184326e-05
        ],
        "delta_gino": [
          0.03142534622262853,
          0.00040463033984370527
        ],
        "gino": [
          0.02583831359515898,
          0.0009639662931434856
        ],
        "fno_voxel": [
          0.023295859660720453,
          0.00021585397876872255
        ],
        "prior_only": [
          0.05408996780170128,
          0.0
        ]
      },
      "real-CityGML": {
        "delta_transolver": [
          0.0182760159351996,
          0.0013884860086351466
        ],
        "transolver": [
          0.2454326338711239,
          0.0008739519839171143
        ],
        "delta_gino": [
          0.025360948565815177,
          0.0020934764450431637
        ],
        "gino": [
          0.8076856970787047,
          0.04791676352704358
        ],
        "fno_voxel": [
          0.4310192147890726,
          7.886147494566496e-06
        ],
        "prior_only": [
          0.015232941428465504,
          1.734723475976807e-18
        ]
      }
    },
    "u_mae": {
      "synthetic-box": {
        "delta_transolver": null,
        "transolver": null,
        "delta_gino": [
          0.048558888782960385,
          0.0011691831671937149
        ],
        "gino": [
          0.04925337748621139,
          0.0036517616325153364
        ],
        "fno_voxel": [
          0.0450263942177214,
          0.0003839615735487525
        ],
        "prior_only": [
          0.07758673039031704,
          0.0
        ]
      },
      "synthetic-irregular": {
        "delta_transolver": [
          0.2993470532811571,
          0.0024262900168357847
        ],
        "transolver": [
          0.28502639271154634,
          0.006568815786138812
        ],
        "delta_gino": [
          0.2973845286449994,
          0.004150763005511914
        ],
        "gino": [
          0.4797762793622393,
          0.042884439536570895
        ],
        "fno_voxel": [
          0.29181669025555834,
          0.0026892864829313225
        ],
        "prior_only": [
          0.3211303139419012,
          0.0
        ]
      },
      "synthetic-hard": {
        "delta_transolver": [
          0.04567633631347668,
          0.0007715286855564459
        ],
        "transolver": [
          0.05167102120686637,
          0.0022607696754799616
        ],
        "delta_gino": [
          0.04851266488561812,
          0.002610253746245233
        ],
        "gino": [
          0.047620476470092175,
          0.002008235408578382
        ],
        "fno_voxel": [
          0.039035472807081695,
          0.0005344849646275474
        ],
        "prior_only": [
          0.09760438885717108,
          1.3877787807814457e-17
        ]
      },
      "real-CityGML": {
        "delta_transolver": [
          0.005120876804578043,
          0.0006267730044465397
        ],
        "transolver": [
          0.026893616278969693,
          0.002448743668427529
        ],
        "delta_gino": [
          0.005773112235933161,
          0.001964566163038375
        ],
        "gino": [
          0.2120111086989788,
          0.05600729641286878
        ],
        "fno_voxel": [
          0.05302970816893937,
          9.3247776687115e-05
        ],
        "prior_only": [
          9.477922388193402e-09,
          0.0
        ]
      }
    },
    "bridge_correction_rel_l2": {
      "synthetic-box": {
        "delta_transolver": null,
        "transolver": null,
        "delta_gino": null,
        "gino": null,
        "fno_voxel": null,
        "prior_only": null
      },
      "synthetic-irregular": {
        "delta_transolver": [
          0.3677433537569126,
          0.012168761746900573
        ],
        "transolver": [
          0.867337142934638,
          0.16388520108132026
        ],
        "delta_gino": [
          0.6012814299818228,
          0.018206572778422178
        ],
        "gino": [
          1.4641587670860108,
          0.05537975677191143
        ],
        "fno_voxel": [
          0.5234521677220699,
          0.01876911834654867
        ],
        "prior_only": [
          0.9999999995073486,
          0.0
        ]
      },
      "synthetic-hard": {
        "delta_transolver": [
          0.47414283632708737,
          0.0011886032322398813
        ],
        "transolver": [
          0.6062571347162483,
          0.001284665252755882
        ],
        "delta_gino": [
          0.562579219581053,
          0.005961027723040896
        ],
        "gino": [
          0.43607442531144486,
          0.01686483791303069
        ],
        "fno_voxel": [
          0.38888838835291395,
          0.004142128319817276
        ],
        "prior_only": [
          0.9999999993476937,
          0.0
        ]
      },
      "real-CityGML": {
        "delta_transolver": [
          1.1361899356493648,
          0.08775227164640641
        ],
        "transolver": [
          13.868639504077377,
          0.052360988192744796
        ],
        "delta_gino": [
          1.5252278634505927,
          0.12078319937223213
        ],
        "gino": [
          46.07472015783052,
          2.9129031745744487
        ],
        "fno_voxel": [
          24.361847086732762,
          0.0005963104465528899
        ],
        "prior_only": [
          0.999999997917223,
          1.1102230246251565e-16
        ]
      }
    },
    "bridge_bridge_corr_rel_l2_t002": {
      "synthetic-box": {
        "delta_transolver": null,
        "transolver": null,
        "delta_gino": null,
        "gino": null,
        "fno_voxel": null,
        "prior_only": null
      },
      "synthetic-irregular": {
        "delta_transolver": [
          0.3475182572730027,
          0.013685214261640264
        ],
        "transolver": [
          0.667418984383037,
          0.09375116859743388
        ],
        "delta_gino": [
          0.5761563842858254,
          0.018237675570450175
        ],
        "gino": [
          0.8669069404590076,
          0.0012014110932412026
        ],
        "fno_voxel": [
          0.45572781133903645,
          0.02058953943537918
        ],
        "prior_only": [
          0.9999999995062093,
          0.0
        ]
      },